controller,method,url,permission
ServerController,getInfo,/monitor/server,monitor:server:list
CacheController,getInfo,/monitor/cache,monitor:cache:list
CacheController,cache,/monitor/cache/getNames,monitor:cache:list
CacheController,getCacheKeys,/monitor/cache/getKeys/{cacheName},monitor:cache:list
CacheController,getCacheValue,/monitor/cache/getValue/{cacheName}/{cacheKey},monitor:cache:list
CacheController,clearCacheName,/monitor/cache/clearCacheName/{cacheName},monitor:cache:list
CacheController,clearCacheKey,/monitor/cache/clearCacheKey/{cacheKey},monitor:cache:list
CacheController,clearCacheAll,/monitor/cache/clearCacheAll,monitor:cache:list
SysJobController,list,/monitor/job/list,monitor:job:list
SysJobController,export,/monitor/job/export,monitor:job:export
SysJobController,getInfo,/monitor/job/{jobId},monitor:job:query
SysJobController,add,/monitor/job,monitor:job:add
SysJobController,edit,/monitor/job,monitor:job:edit
SysJobController,changeStatus,/monitor/job/changeStatus,monitor:job:changeStatus
SysJobController,run,/monitor/job/run,monitor:job:changeStatus
SysJobController,remove,/monitor/job/{jobIds},monitor:job:remove
SysJobLogController,list,/monitor/jobLog/list,monitor:job:list
SysJobLogController,export,/monitor/jobLog/export,monitor:job:export
SysJobLogController,getInfo,/monitor/jobLog/{jobLogId},monitor:job:query
SysJobLogController,remove,/monitor/jobLog/{jobLogIds},monitor:job:remove
SysJobLogController,clean,/monitor/jobLog/clean,monitor:job:remove
SysLogininforController,list,/monitor/logininfor/list,monitor:logininfor:list
SysLogininforController,export,/monitor/logininfor/export,monitor:logininfor:export
SysLogininforController,remove,/monitor/logininfor/{infoIds},monitor:logininfor:remove
SysLogininforController,clean,/monitor/logininfor/clean,monitor:logininfor:remove
SysLogininforController,unlock,/monitor/logininfor/unlock/{userName},monitor:logininfor:unlock
SysOperlogController,list,/monitor/operlog/list,monitor:operlog:list
SysOperlogController,export,/monitor/operlog/export,monitor:operlog:export
SysOperlogController,remove,/monitor/operlog/{operIds},monitor:operlog:remove
SysOperlogController,clean,/monitor/operlog/clean,monitor:operlog:remove
SysUserOnlineController,list,/monitor/online/list,monitor:online:list
SysUserOnlineController,forceLogout,/monitor/online/{tokenId},monitor:online:forceLogout
AgentRegistryController,list,/agent/registry/list,agent:registry:list
AgentRegistryController,export,/agent/registry/export,agent:registry:export
AgentRegistryController,getInfo,/agent/registry/{id},agent:registry:query
AgentRegistryController,add,/agent/registry,agent:registry:add
AgentRegistryController,edit,/agent/registry,agent:registry:edit
AgentRegistryController,remove,/agent/registry/{ids},agent:registry:remove
AgentRegistryController,offline,/agent/registry/offline,agent:registry:offline
RcAccessTokenController,list,/rc/accessToken/list,rc:accessToken:list
RcAccessTokenController,export,/rc/accessToken/export,rc:accessToken:export
RcAccessTokenController,getInfo,/rc/accessToken/{id},rc:accessToken:query
RcAccessTokenController,add,/rc/accessToken,rc:accessToken:add
RcAccessTokenController,edit,/rc/accessToken,rc:accessToken:edit
RcAccessTokenController,remove,/rc/accessToken/{ids},rc:accessToken:remove
RcAccessTokenController,changeStatus,/rc/accessToken/changeStatus,rc:accessToken:edit
RcConfigController,list,/rc/config/list,rc:configCenter:list
RcConfigController,export,/rc/config/export,rc:configCenter:export
RcConfigController,preview,/rc/config/preview,rc:configCenter:export
RcConfigController,getInfo,/rc/config/{id},rc:configCenter:query
RcConfigController,add,/rc/config,rc:configCenter:add
RcConfigController,edit,/rc/config,rc:configCenter:edit
RcConfigController,remove,/rc/config/{ids},rc:configCenter:remove
RcConfigController,importConfig,/rc/config/import,rc:configCenter:import
RcEnvController,list,/rc/env/list,rc:envManage:list
RcEnvController,export,/rc/env/export,rc:envManage:export
RcEnvController,getInfo,/rc/env/{id},rc:envManage:query
RcEnvController,add,/rc/env,rc:envManage:add
RcEnvController,edit,/rc/env,rc:envManage:edit
RcEnvController,remove,/rc/env/{ids},rc:envManage:remove
RcNodeController,list,/rc/node/list,rc:registryCenter:list
RcNodeController,export,/rc/node/export,rc:registryCenter:export
RcNodeController,getInfo,/rc/node/{id},rc:registryCenter:query
RcNodeController,add,/rc/node,rc:registryCenter:add
RcNodeController,edit,/rc/node,rc:registryCenter:edit
RcNodeController,remove,/rc/node/{ids},rc:registryCenter:remove
RcProjectController,list,/rc/project/list,rc:appManage:list
RcProjectController,export,/rc/project/export,rc:appManage:export
RcProjectController,getInfo,/rc/project/{id},rc:appManage:query
RcProjectController,add,/rc/project,rc:appManage:add
RcProjectController,edit,/rc/project,rc:appManage:edit
RcProjectController,remove,/rc/project/{ids},rc:appManage:remove
SysConfigController,list,/system/config/list,system:config:list
SysConfigController,export,/system/config/export,system:config:export
SysConfigController,getInfo,/system/config/{configId},system:config:query
SysConfigController,add,/system/config,system:config:add
SysConfigController,edit,/system/config,system:config:edit
SysConfigController,remove,/system/config/{configIds},system:config:remove
SysConfigController,refreshCache,/system/config/refreshCache,system:config:remove
SysDeptController,list,/system/dept/list,system:dept:list
SysDeptController,excludeChild,/system/dept/list/exclude/{deptId},system:dept:list
SysDeptController,getInfo,/system/dept/{deptId},system:dept:query
SysDeptController,add,/system/dept,system:dept:add
SysDeptController,edit,/system/dept,system:dept:edit
SysDeptController,remove,/system/dept/{deptId},system:dept:remove
SysDictDataController,list,/system/dict/data/list,system:dict:list
SysDictDataController,export,/system/dict/data/export,system:dict:export
SysDictDataController,getInfo,/system/dict/data/{dictCode},system:dict:query
SysDictDataController,add,/system/dict/data,system:dict:add
SysDictDataController,edit,/system/dict/data,system:dict:edit
SysDictDataController,remove,/system/dict/data/{dictCodes},system:dict:remove
SysDictTypeController,list,/system/dict/type/list,system:dict:list
SysDictTypeController,export,/system/dict/type/export,system:dict:export
SysDictTypeController,getInfo,/system/dict/type/{dictId},system:dict:query
SysDictTypeController,add,/system/dict/type,system:dict:add
SysDictTypeController,edit,/system/dict/type,system:dict:edit
SysDictTypeController,remove,/system/dict/type/{dictIds},system:dict:remove
SysDictTypeController,refreshCache,/system/dict/type/refreshCache,system:dict:remove
SysMenuController,list,/system/menu/list,system:menu:list
SysMenuController,getInfo,/system/menu/{menuId},system:menu:query
SysMenuController,add,/system/menu,system:menu:add
SysMenuController,edit,/system/menu,system:menu:edit
SysMenuController,sort,/system/menu/sort,system:menu:edit
SysMenuController,remove,/system/menu/{menuId},system:menu:remove
SysNoticeController,list,/system/notice/list,system:notice:list
SysNoticeController,getInfo,/system/notice/{noticeId},system:notice:query
SysNoticeController,add,/system/notice,system:notice:add
SysNoticeController,edit,/system/notice,system:notice:edit
SysNoticeController,remove,/system/notice/{noticeIds},system:notice:remove
SysPostController,list,/system/post/list,system:post:list
SysPostController,export,/system/post/export,system:post:export
SysPostController,getInfo,/system/post/{postId},system:post:query
SysPostController,add,/system/post,system:post:add
SysPostController,edit,/system/post,system:post:edit
SysPostController,remove,/system/post/{postIds},system:post:remove
SysRoleController,list,/system/role/list,system:role:list
SysRoleController,export,/system/role/export,system:role:export
SysRoleController,getInfo,/system/role/{roleId},system:role:query
SysRoleController,add,/system/role,system:role:add
SysRoleController,edit,/system/role,system:role:edit
SysRoleController,dataScope,/system/role/dataScope,system:role:edit
SysRoleController,changeStatus,/system/role/changeStatus,system:role:edit
SysRoleController,remove,/system/role/{roleIds},system:role:remove
SysRoleController,optionselect,/system/role/optionselect,system:role:query
SysRoleController,allocatedList,/system/role/authUser/allocatedList,system:role:list
SysRoleController,unallocatedList,/system/role/authUser/unallocatedList,system:role:list
SysRoleController,cancelAuthUser,/system/role/authUser/cancel,system:role:edit
SysRoleController,cancelAuthUserAll,/system/role/authUser/cancelAll,system:role:edit
SysRoleController,selectAuthUserAll,/system/role/authUser/selectAll,system:role:edit
SysRoleController,deptTree,/system/role/deptTree/{roleId},system:role:query
SysUserController,list,/system/user/list,system:user:list
SysUserController,export,/system/user/export,system:user:export
SysUserController,importData,/system/user/importData,system:user:import
SysUserController,getInfo,/system/user/ (or /system/user/{userId}),system:user:query
SysUserController,add,/system/user,system:user:add
SysUserController,edit,/system/user,system:user:edit
SysUserController,remove,/system/user/{userIds},system:user:remove
SysUserController,resetPwd,/system/user/resetPwd,system:user:resetPwd
SysUserController,changeStatus,/system/user/changeStatus,system:user:edit
SysUserController,authRole,/system/user/authRole/{userId},system:user:query
SysUserController,insertAuthRole,/system/user/authRole,system:user:edit
SysUserController,deptTree,/system/user/deptTree,system:user:list
